first_name,last_name,email,password,birthday
Brooke,James,usmith@example.org,x_*w0PfqlV,1984-05-12
Antonio,Bryant,timothy15@example.net,fT22lRDkT$,1966-01-21
Jonathan,Wilson,yperkins@example.com,S_5IAs0dR#,1981-07-04
Melinda,Gonzalez,brooksdiane@example.net,T%8TcdVtn!,1992-01-14
Daniel,Stone,dawnmcgee@example.net,iT2R)r*1^l,1995-05-18
James,Russell,drichardson@example.com,&G7Gzx(&hA,1985-10-25
Chad,Branch,justin30@example.net,@0OM*WMPth,1984-04-08
Hannah,Gamble,ashleyrodriguez@example.net,O&8GuWq+C*,1964-07-22
Suzanne,Hart,sarahbrown@example.com,f(9d(Z!hG&,1979-10-02
Melody,Becker,kara89@example.com,NGB(qxm&!8,2002-07-13
Darius,Stephens,williamdavis@example.net,3*d0PTCm&f,1974-07-10
Curtis,Wong,russell37@example.com,u3mVw%!o+f,1968-03-20
Jennifer,Ferguson,ashleyhayes@example.net,o^84QapsSH,1984-10-02
Eric,Silva,obradley@example.net,+6Q#DCxyrv,1971-06-18
Ashley,Sullivan,dickersonkelly@example.com,!o2Udg8GY*,1972-12-14
Ashley,Shaw,qrangel@example.com,fJ_0usKg%z,1967-11-10
Diane,Fuller,larry39@example.org,L*W2FGYxgo,1969-11-06
Austin,Jones,uadams@example.net,nyLF5qzy#2,2001-08-24
Kari,Hansen,qrussell@example.org,iN5X8FNt@C,1978-05-16
Ebony,Mckee,whitebenjamin@example.com,3%av1(Ee%4,1976-03-22
Beth,Harris,prestonlee@example.net,581n02Eo$*,1965-10-08
Rita,Hendricks,karlturner@example.net,+3AL+lImZ#,1984-11-26
Gregory,Walton,philipreynolds@example.net,r+4kWd4QpX,2002-12-03
Zachary,Jones,manningdavid@example.com,7y2spbTo&I,2001-03-04
Wayne,Gonzalez,davenportdanielle@example.org,%8QK4+fI7),2002-01-13
Monique,Hayes,nhernandez@example.org,_4_^v4YZ^d,1984-07-10
Kevin,Fernandez,smithtiffany@example.org,%^Jrx8#2^4,1979-07-31
Bradley,Andrade,diana69@example.net,&5Lt2wDt&E,2002-07-05
Timothy,Smith,hbrewer@example.net,*^PSqEjL1G,1996-04-09
Timothy,Valdez,mclaughlinaaron@example.org,Xa7Xls8bB*,1966-11-12
Aaron,Kelley,edward38@example.net,Y6NBJGSz(f,1994-03-11
Larry,Vega,jamesnelson@example.net,t4M1FIPe(P,1978-10-10
Mary,Wright,tlawson@example.org,A_u9Ce&rE8,1999-02-20
Edward,Fox,fullerjenny@example.org,C#1vCbzyw2,1979-04-28
April,Smith,jamesmartinez@example.org,u9gN)PcE&1,1993-09-15
Jessica,Gonzales,gnash@example.com,%4F&yHqa4y,2004-02-26
Patrick,Schneider,robert55@example.com,1m492QImO^,1995-05-14
Kyle,Walter,upayne@example.net,nUg7n2%z@%,1997-06-05
Travis,Holt,chambersjohn@example.org,ev!1CSwqfA,1998-12-11
Timothy,Blair,elizabethmarshall@example.com,o9As4K+!$L,1968-06-20
Mary,Townsend,robertfrancis@example.com,6dQKyKOz$&,1977-10-12
Kelly,Marshall,katie71@example.org,&AKNbS785e,1973-05-11
Brian,Baxter,james61@example.net,2*1sq0Yz_D,2000-06-29
Jennifer,Munoz,heather35@example.com,72RXigHo&h,1975-10-28
Jennifer,Mcmahon,joshuajordan@example.net,%0aNqeawjB,1979-08-06
Robert,Macdonald,ktucker@example.org,%f5NBvRqV7,1977-06-02
Billy,Black,jessicasteele@example.com,G9$@GxA5+b,2003-11-20
Sabrina,West,tdavis@example.org,%@1PrtUKS#,1984-11-11
Suzanne,Martinez,johnsongeoffrey@example.net,6y2BTY*vS*,1992-05-20
Denise,Miller,millerjames@example.org,Xq2mKTh2X^,2005-02-19
Douglas,Tanner,gsullivan@example.org,(8gCesvn^R,1975-11-01
Paula,Keith,wongdavid@example.net,6_Zt8O5ep3,2000-11-21
Mark,Blair,richard47@example.net,x9KmlQCb#1,1993-07-12
Kimberly,Carey,gdunn@example.com,*9fL9u4Pw2,1988-05-22
Luke,Butler,wolfbrandon@example.net,+7HZ9bSssA,1981-03-27
Elizabeth,Carroll,cpena@example.com,crW1nF+es@,1963-07-02
Amanda,Bennett,jacquelinemartinez@example.net,9pkKE1%x)J,1984-10-30
Keith,Peterson,jacobmiller@example.net,yb65V)Iy&),1977-06-27
Crystal,Chan,laura42@example.org,PL3ACm0C)i,1969-02-15
Sandy,Sanchez,patrick67@example.net,f4_0P2Gs)L,1997-07-01
Christopher,West,kenneth21@example.net,o0gPVpkI#o,1983-04-03
Patrick,Patel,rebeccamiller@example.com,cQ5J*Uq%@2,1974-05-11
Laura,Howard,gallegosjeffrey@example.org,J!5L1yLx)(,1983-02-14
Jerry,Chapman,hallmisty@example.net,^WvKURn%66,1983-05-14
Tammy,Robles,stephen53@example.org,$eBR2m4u&4,1973-07-16
Hannah,Allison,elizabeth07@example.com,)%)8Us!8cM,1976-02-12
Dustin,Davis,eric05@example.org,t_39yVSf*h,1966-06-18
Craig,Powell,lwolfe@example.org,*n0XTvZ9qx,2004-03-22
Amy,Stevens,colson@example.net,$z9p3Pk1hl,1978-12-23
John,Anderson,christian29@example.com,oPJsZNlP#7,1977-11-15
Valerie,Elliott,matthew58@example.org,(8RYg_Soic,1983-12-18
Mariah,Munoz,moraleslindsay@example.org,3n2REw@m@a,1991-03-01
Sandra,Marsh,carriesherman@example.org,$(T7DLzy^1,1973-03-31
Sarah,Ryan,mikegarrison@example.net,6v*91&Yo@s,1963-11-24
Emily,Moore,schultzmichael@example.com,PMA0M+m7)B,1981-11-22
John,Long,mcfarlanddawn@example.com,31MWkjYT$3,1996-05-05
Lori,Hebert,kristinhenson@example.com,d*eP^5w^uQ,1968-04-01
Adam,Owens,rachael57@example.com,jZ9wZrFJ#^,1984-06-10
Paula,Clark,brownkimberly@example.net,(SFLfvqbs5,2005-01-15
Patrick,Wilson,elizabethanderson@example.com,P+4oSvqjs+,1980-12-17
Rebecca,Norris,caitlin68@example.org,Bv0R7xYg&+,1969-07-30
Karina,Norton,cruiz@example.net,*1xrMV9u04,1992-01-19
Nancy,Cox,michael64@example.org,T@(I3UwyCH,1992-09-23
Arthur,Boone,ajames@example.net,y$Cu3c+e(3,1970-10-21
Melanie,Duncan,johnmartinez@example.net,2FR6Xlvx*s,2000-11-15
Donna,Johnson,judith57@example.com,S@I2@1vcWO,1970-02-05
Troy,Baker,jacob44@example.com,BY3X!*qT(D,1970-03-23
George,Garrison,clester@example.com,#x9bTl^a9L,1974-08-22
Thomas,Cox,ajackson@example.net,^*4_&GsfNc,1966-08-08
Melissa,Long,nmcdowell@example.com,L3q8cCPq*j,1989-09-27
Mark,Hubbard,plee@example.net,(OdkBD(mk4,1999-04-13
Jeanette,Schneider,jefferywood@example.net,#T5TFh!ys3,1989-01-18
Ronald,Hooper,anthonysmith@example.org,N14_MsS%+R,1984-10-17
Jeremy,Moreno,andrew89@example.com,+DY2FoQwz0,1968-01-12
Nicole,Castillo,lori11@example.org,!KdbC#z5L1,1963-11-07
Kathleen,Mccoy,pcaldwell@example.net,7tU8+sWR+1,1989-06-25
Holly,Wheeler,oroberson@example.com,T^2m28LxcP,2001-02-18
Theresa,Carey,spenceremily@example.org,+0HIpYvOf$,1963-07-07
Melissa,Hall,paul16@example.net,A@8HV(q1BP,1990-09-05
Megan,Lynch,atrujillo@example.net,*2bBS%ZdjZ,1987-09-16
Laura,Luna,burnettmichael@example.org,)F1Bf#y$cr,1979-11-22
Richard,Roy,kimmills@example.net,74Y_LBhT+G,1971-07-04
Lisa,Wood,hhopkins@example.org,x+r+4qWk4&,1967-03-19
Ashley,Sullivan,grahambecky@example.net,#6FKJ)v*(8,1990-05-11
Renee,Roach,margaretjones@example.org,wn)2GQ)M+!,1996-06-13
Kelly,Estrada,stephanie67@example.org,%4S19Bsq7a,2003-10-12
Bethany,Kirk,colemanmelinda@example.com,B3JuAR!O&T,1982-12-23
Joan,Fleming,cjackson@example.net,1B^(t8So^7,2001-06-16
Jeffrey,Baxter,vporter@example.net,MkN_6QCs5^,1988-03-06
Elizabeth,Curtis,burtonrobert@example.net,F5WZsBOo(q,1992-02-05
Ronald,Harrell,qmiller@example.org,2*1dx$Tt@t,1979-07-24
Danielle,Robinson,joshua34@example.net,nIAC^Mx(&8,1975-05-25
Tony,Campbell,bryantcody@example.com,%2csUGy@bE,2001-06-22
Jill,Diaz,john48@example.com,W%7Dg%7$OQ,1970-10-01
Donna,Rodriguez,wrighttom@example.org,Qv5lEFesu(,2000-01-16
David,Johns,hesterjennifer@example.net,(951ZxUo^w,1995-09-25
Ralph,Smith,vincenthinton@example.org,7kZ9Ik4^&),1993-08-08
Karen,Alvarado,andrewliu@example.com,W*15vBqQ(r,2003-11-24
Jason,Lam,christopher27@example.net,+$J(A6*6c6,1986-07-18
Dominique,Alexander,ymiller@example.com,#&@TRCLdP7,1985-09-10
Rhonda,Dalton,annaayers@example.net,oe4kf&Ri4),1974-02-16
Gina,Mccormick,smiller@example.com,$u65Rdr3)Q,1970-10-14
Colleen,Norman,yneal@example.net,8pV6S1zW*v,1980-11-26
Kenneth,Johnson,johnmarks@example.org,$#jwZPoa4A,1998-10-25
Lauren,Winters,karen95@example.com,(rVgD840Q5,1977-01-24
Amy,Castillo,anthonyfuentes@example.com,$07RuTBp4d,1987-01-13
Rachel,Green,figueroaandrew@example.net,&GG58h8yC7,1963-12-05
Spencer,Melendez,samanthasmith@example.com,Xs9u1Xlv)i,2003-10-04
Todd,Brown,joseph12@example.org,)8eACqwz%X,1994-04-18
Shane,Lamb,sanchezjames@example.com,U%&rG0Ef(2,1974-08-18
Margaret,Adams,wallsjames@example.org,1g^1%iPr@t,1982-10-17
Jenna,Johnson,rickmosley@example.org,4kTVq1EO$8,1967-07-25
Stephen,Barron,lopezfelicia@example.net,_)7XPHPXxv,1997-12-22
Kenneth,Austin,johnny04@example.org,ttvH4IV!K_,1993-03-28
Dominic,Murphy,gailjarvis@example.net,^1MlNKegp*,1992-02-28
Pamela,Murphy,wsparks@example.com,*w1qYlJxE4,2000-05-12
Bradley,Vang,morgandarius@example.org,%9@Ht(nsoK,1964-11-26
Jason,Kaiser,georgeroy@example.net,pa@3EjtvD^,1975-06-08
Cynthia,Williams,brownjake@example.com,!pZ0yuXex+,1998-04-03
Wesley,Lowe,ycohen@example.net,F%36cgDjlf,2004-08-25
Christopher,Black,destinylopez@example.net,5GwKwXel&S,2004-06-17
Kevin,White,ocarrillo@example.net,4mww48R!J_,1965-05-08
Ariana,Sexton,scottholly@example.org,7)wRzoa9_+,1966-01-17
Jessica,Sanchez,sberger@example.net,d6^(R#7d!4,1977-12-10
Vanessa,Thomas,westmadeline@example.com,$IhIALoAb7,1964-07-25
Sara,Blankenship,rachel49@example.org,7w#VVA^#+m,2002-06-03
Cody,Jones,tracypeterson@example.org,@uuO0MQgDV,1988-01-15
Chase,Archer,ymorrison@example.net,68lcXmCa$J,1970-05-15
Breanna,Garner,aaronharris@example.com,MF621Mhz)q,1965-07-28
Chloe,Lawson,fisherjeffrey@example.org,&e7U2R(cD^,2004-09-25
Monica,Conner,duane45@example.com,zR3Mm((t!$,2001-06-26
Amanda,Walker,irichard@example.net,Qt2t)Nd5)S,1980-01-15
Austin,Lopez,courtney89@example.org,_U6ZyfAjf$,1963-01-21
Vicki,Bates,zhammond@example.com,w+Y1)NKuf@,1985-10-12
Keith,Johnson,ipruitt@example.com,^1Ewf0_4s1,1985-11-25
Theodore,Pena,edward57@example.org,Tw^Mu+P1@6,1989-01-08
Amanda,Martinez,jacqueline05@example.org,5)bUZn*u@!,1991-08-19
Kristin,Rogers,ethan50@example.net,6pYU3J4X)F,1990-01-06
Manuel,Frazier,matthew20@example.org,Z7g!7kCq)m,1963-05-05
Melanie,Davis,wdavis@example.net,qjkX(PfO%1,1990-08-15
Aaron,Barrera,beverlycollins@example.org,m+S8R!Wql),2003-07-19
Jennifer,Pineda,robert36@example.net,i9Ld3Mez#k,1967-11-03
Jessica,Davis,gregorycarter@example.net,_IxytXEuA8,1987-07-03
Martin,Maxwell,joe07@example.net,()4+Fh_gNh,1971-07-06
Collin,Fitzgerald,danielandrews@example.net,KN)m55Nz5!,1999-05-29
Melissa,Moore,whiteandrea@example.net,P28PAore_B,1968-03-05
Amber,Morales,steven78@example.com,ie!6xdRi5h,1996-01-06
Jason,Howard,ramosmatthew@example.org,)dN3XUfpc&,1966-10-20
Pamela,Reyes,ygomez@example.org,8vQ)^7HyBK,1988-10-02
Morgan,Obrien,dmartinez@example.com,*EYk_eXt2D,1999-08-17
Tiffany,Miller,sandywright@example.org,P^X#Pj7P$2,1967-01-24
Timothy,Reed,colelisa@example.org,Fq@4Sui#a1,1998-09-10
Kristin,Vance,campbellcharles@example.net,GK5AemmWx*,1976-04-23
Mary,Jones,vedwards@example.net,!!3UFMibnU,1996-06-29
Lori,Gonzales,markhoffman@example.org,+R0)Yhusp2,2005-03-03
Samantha,Deleon,cynthiagarcia@example.com,#8T2hx_k%a,1971-07-21
Lauren,Carter,brianharris@example.net,(p1_Yihxx&,1996-05-20
Joanne,Davis,pfernandez@example.net,df8Ik6+@)T,1991-05-05
Michael,Alexander,hendrixmichael@example.org,#yWBs)4^4p,1976-05-07
Melissa,Neal,samantha82@example.net,02OF2k_H$4,2001-06-18
Austin,Tran,davidmccann@example.net,KQ7*XQiZ+*,1974-02-15
Anthony,Ferguson,hhill@example.net,h&2VWW(Umc,1992-04-11
Ellen,Taylor,nancy65@example.net,s*6Ba4pmvX,1973-06-30
Amy,Fleming,adam40@example.com,b+4EVUmdlm,1992-04-09
Melanie,Walker,sandra42@example.org,11KSc*Rf+@,1980-08-25
Kristin,Green,bakerbarbara@example.com,#wK3Iv+6r0,1966-01-23
Elizabeth,Douglas,dayamber@example.com,)gWQ&QoZ+9,1988-10-08
Amy,Vasquez,matthew48@example.com,@jCnO2t7^5,1963-06-08
Patrick,Hall,davidsosa@example.com,*0QdYF%T&b,1972-07-03
Jamie,Martin,durhamseth@example.net,JF%H05Jgpk,1965-06-06
Patricia,Williams,parkerjames@example.net,#9vwcgjw@L,1963-04-12
Julie,Miranda,hriddle@example.net,&g@^AaK!t6,1971-05-02
Rachel,Yu,edwardmontgomery@example.com,+I4F2&Hvy(,1994-07-02
Tiffany,Wong,michelledunn@example.net,%SinJe23)6,1998-08-01
Kristin,Mclaughlin,emartin@example.net,D&$6ZcJbxJ,1979-09-12
Tara,Wong,sean72@example.net,)D7iW2BoM&,1971-04-15
Mackenzie,Casey,fosterashley@example.net,aPbAN8hW+3,1969-05-19
Laurie,Graham,charlesjesse@example.com,D5+95GVo#$,2002-07-07
Stephanie,Bass,morrisdominique@example.com,#EcP(wfu%9,1998-10-30
Caitlin,Villanueva,gshah@example.com,^KKdw87Z8N,1987-03-14
